<?xml version="1.0" encoding="UTF-8"?>
<classics xmlns="http://example.com/classics"
          xmlns:xsi="http://www.w3.org/2001/XMLSchema-instance"
          xsi:schemaLocation="http://example.com/classics resources/classics.xsd">
	<car>
		<name>Toyota Corolla</name>
		<model>AE86</model>
		<country>Japan</country>
		<company>Toyota</company>
		<price>$49,999</price>
		<year>1983</year>
	</car>
	<car>
		<name>Peugeot 205</name>
		<model>Rallye</model>
		<country>France</country>
		<company>Peugeot</company>
		<price>$49,995</price>
		<year>1987</year>
	</car>
	<car>
		<name>Fiat Uno</name>
		<model>Turbo</model>
		<country>Italy</country>
		<company>Fiat</company>
		<price>$16,800</price>
		<year>1985</year>
	</car>
	<car>
		<name>Lancia Beta</name>
		<model>HPE</model>
		<country>Italy</country>
		<company>Lancia</company>
		<price>$12,900</price>
		<year>1975</year>
	</car>
	<car>
		<name>Ford Fiesta</name>
		<model>XR2i</model>
		<country>United States</country>
		<company>Ford</company>
		<price>$13,183</price>
		<year>1989</year>
	</car>
	<car>
		<name>Mazda 323</name>
		<model>4x4 Turbo</model>
		<country>Japan</country>
		<company>Mazda</company>
		<price>$5,300</price>
		<year>1986</year>
	</car>
	<car>
		<name>Renault Clio</name>
		<model>Williams</model>
		<country>French</country>
		<company>Renault</company>
		<price>$36,990</price>
		<year>1993</year>
	</car>
	<car>
		<name>Nissan Sunny</name>
		<model>GTI-R</model>
		<country>Japan</country>
		<company>Nissan</company>
		<price>$30,000</price>
		<year>1990</year>
	</car>
	<car>
		<name>Peugeot 306</name>
		<model>GTI-6</model>
		<country>France</country>
		<company>Peugeot</company>
		<price>$15,750</price>
		<year>1996</year>
	</car>
	<car>
		<name>Vauxhall Cavalier</name>
		<model>GSi2000 16v</model>
		<country>United Kingdom</country>
		<company>Vauxhall</company>
		<price>$37,905</price>
		<year>1988</year>
	</car>
	<car>
		<name>Mitsubishi Starion</name>
		<model>GSR-VR</model>
		<country>Japan</country>
		<company>Mitsubishi</company>
		<price>$21,700</price>
		<year>1982</year>
	</car>
	<car>
		<name>Fiat Strada</name>
		<model>130 TC</model>
		<country>Italy</country>
		<company>Fiat</company>
		<price>$27,283</price>
		<year>1985</year>
	</car>
	<car>
		<name>Vauxhall Royale Coupé</name>
		<model>CPR 181 T</model>
		<country>United Kingdom</country>
		<company>Vauxhall</company>
		<price>$10,435</price>
		<year>1980</year>
	</car>
	<car>
		<name>Porsche 911</name>
		<model>Carrera Auto R</model>
		<country>German</country>
		<company>Porsche</company>
		<price>$138,000</price>
		<year>1994</year>
	</car>
	<car>
		<name>Mercedes SL 300</name>
		<model>Gullwing</model>
		<country>Germany</country>
		<company>Mercedes</company>
		<price>$9 million</price>
		<year>1957</year>
	</car>
</classics>
